{"cameraMode":{"drawMode":0,"name":"Shaded","section":"Shading Mode"},"sceneLighting":false,"audioPlay":false,"sceneViewState":{"showFog":true,"showMaterialUpdate":false,"showSkybox":false,"showFlares":true,"showImageEffects":true,"showParticleSystems":true},"in2DMode":false,"pivot":{"x":9.016242980957032,"y":2.5033774375915529,"z":-7.867588043212891},"rotation":{"x":-0.1400684416294098,"y":0.22425636649131776,"z":-0.03258907422423363,"w":-0.9638627171516419},"size":14.901239395141602,"orthographic":false}