{"cameraMode":{"drawMode":0,"name":"Shaded","section":"Shading Mode"},"sceneLighting":true,"audioPlay":false,"sceneViewState":{"showFog":true,"showMaterialUpdate":false,"showSkybox":true,"showFlares":true,"showImageEffects":true,"showParticleSystems":true},"in2DMode":false,"pivot":{"x":472.0010070800781,"y":524.7513427734375,"z":-23.0732421875},"rotation":{"x":0.03598330169916153,"y":-0.02248338796198368,"z":0.000809785327874124,"w":0.9990995526313782},"size":1705.5582275390625,"orthographic":false}