{"cameraMode":{"drawMode":0,"name":"Shaded","section":"Shading Mode"},"sceneLighting":false,"audioPlay":false,"sceneViewState":{"showFog":true,"showMaterialUpdate":false,"showSkybox":false,"showFlares":true,"showImageEffects":true,"showParticleSystems":true},"in2DMode":false,"pivot":{"x":5.569448471069336,"y":3.076164722442627,"z":1.805851936340332},"rotation":{"x":-0.17407555878162385,"y":0.3148938715457916,"z":-0.058867283165454867,"w":-0.9311699271202087},"size":16.836708068847658,"orthographic":false}