{"cameraMode":{"drawMode":0,"name":"Shaded","section":"Shading Mode"},"sceneLighting":true,"audioPlay":false,"sceneViewState":{"showFog":true,"showMaterialUpdate":false,"showSkybox":true,"showFlares":true,"showImageEffects":true,"showParticleSystems":true},"in2DMode":false,"pivot":{"x":13.901336669921875,"y":16.08710479736328,"z":11.356104850769043},"rotation":{"x":-0.23225417733192445,"y":0.10538452118635178,"z":-0.025321776047348977,"w":-0.9665979743003845},"size":29.938961029052736,"orthographic":false}