{"cameraMode":{"drawMode":0,"name":"Shaded","section":"Shading Mode"},"sceneLighting":false,"audioPlay":false,"sceneViewState":{"showFog":true,"showMaterialUpdate":false,"showSkybox":false,"showFlares":true,"showImageEffects":true,"showParticleSystems":true},"in2DMode":false,"pivot":{"x":12.254560470581055,"y":3.0292835235595705,"z":-2.501861572265625},"rotation":{"x":-0.09591810405254364,"y":0.0707082599401474,"z":-0.006831163074821234,"w":-0.9928526878356934},"size":13.924934387207032,"orthographic":false}