{"cameraMode":{"drawMode":0,"name":"Shaded","section":"Shading Mode"},"sceneLighting":false,"audioPlay":false,"sceneViewState":{"showFog":true,"showMaterialUpdate":false,"showSkybox":false,"showFlares":true,"showImageEffects":true,"showParticleSystems":true},"in2DMode":false,"pivot":{"x":3.3179216384887697,"y":4.626757621765137,"z":1.4855232238769532},"rotation":{"x":-0.14230018854141236,"y":0.0187191404402256,"z":-0.0026918190997093918,"w":-0.9896491765975952},"size":17.731515884399415,"orthographic":false}